site_id,freepbx_version,asterisk_version,platform,system_ip
100,,,Unknown,216.109.194.21
101,15.0.17.12,16.13.0,FreePBX,205.251.183.11
102,15.0.17,16.15.1,FreePBX,216.109.194.103
103,15.0.16.78,16.13.0,FreePBX,69.39.69.16
104,15.0.16.78,16.13.0,FreePBX,69.39.69.17
105,15.0.16.78,16.13.0,FreePBX,69.39.69.18
106,15.0.16.78,16.13.0,FreePBX,69.39.69.19
108,15.0.16.78,16.13.0,FreePBX,69.39.69.21
109,15.0.16.81,16.13.0,FreePBX,69.39.69.22
111,15.0.17,16.13.0,FreePBX,69.39.69.24
112,15.0.17,16.15.1,FreePBX,69.39.69.25
113,15.0.17,16.15.1,FreePBX,69.39.69.26
117,15.0.17,16.15.1,FreePBX,69.39.69.29
118,15.0.17,16.13.0,FreePBX,69.39.69.30
120,15.0.17,16.15.1,FreePBX,69.39.69.32
121,15.0.17,16.15.1,FreePBX,69.39.69.33
123,15.0.24,16.29.1,FreePBX,69.39.69.35
124,15.0.17,16.15.1,FreePBX,69.39.69.36
125,15.0.17,16.15.1,FreePBX,69.39.69.37
126,15.0.17,16.15.1,FreePBX,69.39.69.38
127,15.0.17,16.15.1,FreePBX,69.39.69.39
128,15.0.17,16.15.1,FreePBX,69.39.69.40
129,15.0.17,16.15.1,FreePBX,69.39.69.41
13,13.0.197.22,12.8.1,FreePBX,205.251.183.15
130,15.0.17,16.15.1,FreePBX,69.39.69.42
131,15.0.17,16.15.1,FreePBX,69.39.69.43
132,15.0.17,16.15.1,FreePBX,69.39.69.44
133,15.0.17,16.15.1,FreePBX,69.39.69.45
134,15.0.17,16.15.1,FreePBX,69.39.69.46
135,15.0.17,16.15.1,FreePBX,69.39.69.47
136,15.0.17,16.15.1,FreePBX,69.39.69.48
137,15.0.17,16.15.1,FreePBX,205.251.183.7
138,15.0.17,16.15.1,FreePBX,69.39.69.49
140,15.0.17,16.15.1,FreePBX,69.39.69.51
142,15.0.17,16.15.1,FreePBX,69.39.69.53
143,15.0.17,16.16.2,FreePBX,69.39.69.54
144,15.0.17,16.16.2,FreePBX,69.39.69.55
145,15.0.17,16.16.2,FreePBX,69.39.69.56
146,15.0.17,16.17.0,FreePBX,69.39.69.57
149,15.0.17,16.17.0,FreePBX,69.39.69.60
151,15.0.17,16.17.0,FreePBX,69.39.69.62
152,15.0.17,16.17.0,FreePBX,69.39.69.63
153,15.0.17,16.17.0,FreePBX,69.39.69.64
154,15.0.17,16.17.0,FreePBX,69.39.69.65
155,15.0.17,16.17.0,FreePBX,69.39.69.66
157,15.0.17,16.17.0,FreePBX,69.39.69.68
159,15.0.17,16.17.0,FreePBX,69.39.69.70
160,15.0.17,16.17.0,FreePBX,69.39.69.71
161,15.0.17,16.17.0,FreePBX,69.39.69.72
162,15.0.17,16.17.0,FreePBX,69.39.69.73
163,15.0.17,16.17.0,FreePBX,69.39.69.74
164,15.0.17,16.17.0,FreePBX,69.39.69.75
165,15.0.17,16.17.0,FreePBX,69.39.69.76
166,15.0.17,16.17.0,FreePBX,69.39.69.77
167,15.0.17,16.17.0,FreePBX,69.39.69.78
168,15.0.17,16.17.0,FreePBX,69.39.69.79
169,15.0.17,16.17.0,FreePBX,69.39.69.80
170,15.0.17,16.17.0,FreePBX,69.39.69.81
171,15.0.17,16.19.0,FreePBX,69.39.69.82
172,15.0.17,16.19.0,FreePBX,69.39.69.83
173,15.0.17,16.19.0,FreePBX,69.39.69.84
175,15.0.17,16.19.0,FreePBX,69.39.69.86
176,15.0.17,16.19.0,FreePBX,69.39.69.87
177,15.0.17,16.19.0,FreePBX,69.39.69.88
178,15.0.17,16.19.0,FreePBX,69.39.69.89
179,15.0.17,16.19.0,FreePBX,69.39.69.90
180,15.0.17,16.20.0,FreePBX,69.39.69.91
181,15.0.17,16.20.0,FreePBX,69.39.69.92
182,15.0.17,16.20.0,FreePBX,69.39.69.93
183,15.0.17,16.20.0,FreePBX,69.39.69.94
184,15.0.17,16.20.0,FreePBX,69.39.69.95
185,15.0.17,16.20.0,FreePBX,69.39.69.96
186,15.0.17,16.20.0,FreePBX,69.39.69.97
187,15.0.17,16.20.0,FreePBX,69.39.69.98
188,15.0.17,16.20.0,FreePBX,69.39.69.99
189,15.0.17,16.20.0,FreePBX,69.39.69.100
19,15.0.23.25,16.20.0,FreePBX,205.251.183.22
191,15.0.17,16.20.0,FreePBX,69.39.69.101
192,15.0.17,16.20.0,FreePBX,69.39.69.102
193,15.0.17,16.20.0,FreePBX,69.39.69.103
194,15.0.17,16.20.0,FreePBX,69.39.69.104
195,15.0.17,16.20.0,FreePBX,69.39.69.105
196,15.0.17,16.20.0,FreePBX,69.39.69.106
197,15.0.17,16.20.0,FreePBX,69.39.69.107
198,15.0.17,16.20.0,FreePBX,69.39.69.108
199,15.0.17,16.17.0,FreePBX,69.39.69.109
200,15.0.17,16.20.0,FreePBX,69.39.69.110
201,15.0.17,16.20.0,FreePBX,69.39.69.111
202,15.0.23.17,16.27.0,FreePBX,69.39.69.112
203,15.0.17,16.20.0,FreePBX,69.39.69.113
204,15.0.17,16.20.0,FreePBX,69.39.69.114
205,15.0.17,16.20.0,FreePBX,69.39.69.116
206,15.0.17,16.20.0,FreePBX,69.39.69.117
207,15.0.17,16.20.0,FreePBX,69.39.69.118
209,15.0.17,16.20.0,FreePBX,69.39.69.120
210,15.0.17,16.20.0,FreePBX,69.39.69.121
211,15.0.17,16.20.0,FreePBX,69.39.69.122
212,15.0.17,16.20.0,FreePBX,69.39.69.123
213,15.0.17,16.20.0,FreePBX,69.39.69.124
215,15.0.17,16.20.0,FreePBX,69.39.69.126
216,15.0.17,16.20.0,FreePBX,69.39.69.127
217,15.0.17,16.30.0,FreePBX,69.39.69.128
220,15.0.17,16.20.0,FreePBX,69.39.69.131
222,15.0.17,16.17.0,FreePBX,69.39.69.133
223,15.0.22,16.24.0,FreePBX,69.39.69.134
224,15.0.22,16.24.0,FreePBX,69.39.69.135
225,15.0.22,16.24.0,FreePBX,69.39.69.136
226,15.0.22,16.24.0,FreePBX,69.39.69.137
227,15.0.22,16.24.0,FreePBX,69.39.69.138
228,15.0.22,16.24.0,FreePBX,69.39.69.139
23,14.0.17,14.7.5,FreePBX,205.251.183.26
231,15.0.22,16.24.0,FreePBX,69.39.69.142
232,15.0.24,16.24.0,FreePBX,69.39.69.143
233,15.0.23,16.24.0,FreePBX,69.39.69.144
234,15.0.22,16.20.0,FreePBX,69.39.69.145
235,15.0.22,16.24.0,FreePBX,69.39.69.146
236,15.0.24,16.24.0,FreePBX,69.39.69.147
237,15.0.24,16.24.0,FreePBX,69.39.69.148
238,15.0.24,16.24.0,FreePBX,69.39.69.149
239,15.0.24,16.24.0,FreePBX,69.39.69.150
24,15.0.16.42,16.6.2,FreePBX,205.251.183.27
240,15.0.24,16.24.0,FreePBX,69.39.69.151
242,15.0.24,16.24.0,FreePBX,205.251.183.16
243,15.0.23,16.26.1,FreePBX,69.39.69.153
247,15.0.23,16.25.3,FreePBX,69.39.69.156
248,15.0.23,16.26.1,FreePBX,69.39.69.157
249,15.0.23,16.24.1,FreePBX,69.39.69.158
251,15.0.23,16.26.1,FreePBX,69.39.69.160
252,15.0.23,16.26.1,FreePBX,69.39.69.161
253,15.0.23,16.24.1,FreePBX,69.39.69.162
254,15.0.23,16.26.1,FreePBX,69.39.69.163
255,15.0.23,16.26.1,FreePBX,69.39.69.164
256,15.0.23.11,16.26.1,FreePBX,69.39.69.165
257,15.0.23.11,16.26.1,FreePBX,69.39.69.166
258,15.0.23.11,16.26.1,FreePBX,69.39.69.167
259,15.0.23.11,16.26.1,FreePBX,69.39.69.168
26,14.0.17,14.7.5,FreePBX,205.251.183.29
260,15.0.23.11,16.24.1,FreePBX,69.39.69.169
261,15.0.23.17,16.27.0,FreePBX,69.39.69.170
262,15.0.23.11,16.27.0,FreePBX,69.39.69.171
263,15.0.23.11,16.27.0,FreePBX,69.39.69.172
264,15.0.23.17,16.27.0,FreePBX,69.39.69.173
265,15.0.23.17,16.24.1,FreePBX,69.39.69.174
266,15.0.23.17,16.27.0,FreePBX,69.39.69.175
267,15.0.23.17,16.27.0,FreePBX,69.39.69.97
268,15.0.23.17,16.27.0,FreePBX,69.39.69.97
27,14.0.17,14.7.5,FreePBX,205.251.183.30
270,15.0.23.17,16.27.0,FreePBX,69.39.69.97
271,15.0.23.17,16.27.0,FreePBX,69.39.69.97
272,15.0.23.17,16.27.0,FreePBX,69.39.69.97
273,15.0.23.17,16.27.0,FreePBX,69.39.69.177
274,15.0.23.17,16.27.0,FreePBX,69.39.69.97
275,15.0.23.17,16.27.0,FreePBX,69.39.69.97
276,15.0.23.17,16.27.0,FreePBX,69.39.69.97
277,15.0.23.17,16.28.0,FreePBX,69.39.69.176
279,15.0.23.25,16.28.0,FreePBX,69.39.69.179
28,14.0.17,14.7.5,FreePBX,205.251.183.31
280,15.0.23.25,16.28.0,FreePBX,69.39.69.180
281,15.0.23.25,16.28.0,FreePBX,69.39.69.181
282,15.0.23.25,16.28.0,FreePBX,69.39.69.182
283,15.0.23.25,16.28.0,FreePBX,69.39.69.183
284,15.0.23.25,16.28.0,FreePBX,69.39.69.184
285,15.0.24,16.28.0,FreePBX,69.39.69.185
286,15.0.23.25,16.28.0,FreePBX,70.91.228.53
287,15.0.24,16.28.0,FreePBX,69.39.69.186
288,15.0.24,16.28.0,FreePBX,69.39.69.187
289,15.0.24,16.28.0,FreePBX,69.39.69.188
290,15.0.24,16.28.0,FreePBX,69.39.69.189
291,15.0.24,16.29.1,FreePBX,69.39.69.190
293,15.0.24,16.29.1,FreePBX,69.39.69.192
294,15.0.24,16.29.1,FreePBX,69.39.69.193
295,15.0.24,16.29.1,FreePBX,69.39.69.194
296,15.0.24,16.29.1,FreePBX,69.39.69.195
297,15.0.29,16.30.0,FreePBX,69.39.69.196
298,15.0.24,16.29.1,FreePBX,69.39.69.197
299,15.0.24,16.29.1,FreePBX,69.39.69.198
30,15.0.17,16.20.0,FreePBX,205.251.183.33
300,15.0.29,16.30.0,FreePBX,69.39.69.199
301,15.0.29,16.30.0,FreePBX,69.39.69.200
302,15.0.29,16.30.0,FreePBX,69.39.69.201
303,15.0.29,16.30.0,FreePBX,69.39.69.202
304,15.0.29,16.30.0,FreePBX,69.39.69.203
305,15.0.29,16.30.0,FreePBX,69.39.69.204
306,15.0.29,16.30.0,FreePBX,69.39.69.205
308,,,Unknown,69.39.69.97
310,15.0.29,16.30.0,FreePBX,69.39.69.208
311,15.0.29,16.30.0,FreePBX,69.39.69.209
312,15.0.29,16.30.0,FreePBX,69.39.69.210
314,15.0.29,16.30.0,FreePBX,69.39.69.212
315,15.0.29,16.30.0,FreePBX,69.39.69.213
316,15.0.29,16.28.0,FreePBX,69.39.69.214
317,15.0.29,16.30.0,FreePBX,69.39.69.215
318,15.0.37,16.28.0,FreePBX,69.39.69.216
319,15.0.37,16.28.0,FreePBX,69.39.69.217
32,14.0.13.23 ,14.7.5,FreePBX,205.251.183.35
321,15.0.37,16.28.0,FreePBX,69.39.69.219
322,FUSION,FUSION,FreePBX,69.39.69.13
323,15.0.37,16.30.0,FreePBX,69.39.69.221
324,15.0.37,16.30.0,FreePBX,69.39.69.222
325,15.0.37,16.28.0,FreePBX,69.39.69.223
326,15.0.37,16.28.0,FreePBX,69.39.69.224
329,15.0.37,16.30.0,FreePBX,69.39.69.227
33,14.0.13.23,14.7.5,FreePBX,205.251.183.36
330,15.0.37,16.30.0,FreePBX,69.39.69.229
331,15.0.37,16.30.0,FreePBX,69.39.69.220
332,15.0.37,16.30.0,FreePBX,69.39.69.230
333,15.0.37,16.30.0,FreePBX,69.39.69.231
334,15.0.37,16.30.0,FreePBX,69.39.69.232
335,15.0.37,16.30.0,FreePBX,69.39.69.233
337,FUSION,FUSION,FreePBX,69.39.69.13
338,15.0.37,16.30.0,FreePBX,69.39.69.235
339,15.0.37.1,16.30.0,FreePBX,69.39.69.236
34,15.0.17,16.15.1,FreePBX,205.251.183.37
340,15.0.37.1,16.30.0,FreePBX,69.39.69.237
341,15.0.37.1,16.30.0,FreePBX,69.39.69.238
342,15.0.37.1,16.30.0,FreePBX,69.39.69.239
343,15.0.37.1,16.30.0,FreePBX,69.39.69.240
344,15.0.37.1,16.30.0,FreePBX,69.39.69.241
345,15.0.37.1,16.30.0,FreePBX,69.39.69.242
347,15.0.37.1,16.30.0,FreePBX,69.39.69.243
348,15.0.37.1,16.30.0,FreePBX,69.39.69.244
349,15.0.24,16.29.1,FreePBX,69.39.69.35
35,14.0.13.23,14.7.8,FreePBX,205.251.183.38
350,FUSION,FUSION,FreePBX,69.39.69.13
351,15.0.37.1,16.30.0,FreePBX,69.39.69.245
352,15.0.37.1,16.30.0,FreePBX,69.39.69.246
353,15.0.37.1,16.30.0,FreePBX,69.39.69.247
355,15.0.37.1,16.30.0,FreePBX,69.39.69.249
356,FUSION,FUSION,FreePBX,69.39.69.13
357,15.0.37.1,16.30.0,FreePBX,69.39.69.250
358,15.0.37.1,16.30.0,FreePBX,69.39.69.251
359,15.0.37.1,16.30.0,FreePBX,69.39.69.252
36,14.0.13.23,14.7.5,FreePBX,205.251.183.39
360,15.0.37.1,16.30.0,FreePBX,69.39.69.115
361,15.0.37.1,16.30.0,FreePBX,69.39.69.253
362,FUSION,FUSION,FreePBX,69.39.69.13
363,15.0.37.1,16.30.0,FreePBX,69.39.69.20
364,15.0.37.1,16.30.0,FreePBX,69.39.69.34
365,15.0.37.1,16.30.0,FreePBX,69.39.69.52
366,FUSION,FUSION,FreePBX,69.39.69.13
367,15.0.17,16.17.0,FreePBX,69.39.69.133
368,15.0.37.4,16.30.0,FreePBX,69.39.69.58
369,15.0.37.1,16.30.0,FreePBX,69.39.69.59
370,15.0.37.4,16.30.0,FreePBX,69.39.69.67
371,15.0.37.9,16.30.0,FreePBX,69.39.69.69
372,15.0.37.4,16.30.0,FreePBX,69.39.69.85
373,15.0.37.4,16.30.0,FreePBX,69.39.69.125
374,15.0.37.4,16.30.0,FreePBX,69.39.69.129
375,15.0.37.4,16.30.0,FreePBX,205.251.183.14
376,FUSION,FUSION,FreePBX,69.39.69.13
377,15.0.37.4,16.30.0,FreePBX,69.39.69.130
378,15.0.37.4,16.30.0,FreePBX,69.39.69.132
379,15.0.37.4,15.0.37.4,FreePBX,69.39.69.140
38,15.0.2,16.26.1,FreePBX,205.251.183.46
380,15.0.37.4,16.30.0,FreePBX,216.109.194.112
381,15.0.37.4,16.30.0,FreePBX,69.39.69.154
382,,,Unknown,69.39.69.155
384,15.0.37.4,16.30.0,FreePBX,69.39.69.191
385,15.0.37.4,16.30.0,FreePBX,69.39.69.206
386,15.0.37.4,16.30.0,FreePBX,216.109.194.105
387,15.0.37.4,16.30.0,FreePBX,216.109.194.106
388,15.0.37.4,16.30.0,FreePBX,216.109.194.107
389,15.0.37.4,16.30.0,FreePBX,216.109.194.108
39,15.0.17,16.15.1,FreePBX,205.251.183.49
390,15.0.37.4,16.30.0,FreePBX,216.109.194.109
391,15.0.37.4,16.30.0,FreePBX,216.109.194.110
392,15.0.37.4,16.30.0,FreePBX,216.109.194.111
393,15.0.37.4,16.30.0,FreePBX,216.109.194.113
394,16.0.40.7,18.20.2,FreePBX,216.109.194.114
395,15.0.37.4,16.30.0,FreePBX,216.109.194.115
398,FUSION,FUSION,FreePBX,69.39.69.13
399,123NET UC,123NET UC,FreePBX,162.254.68.50
40,15.0.16.81,16.13.0,FreePBX,205.251.183.53
400,16.0.40.7,18.20.2,FreePBX,216.109.194.118
401,16.0.40.7,18.20.2,FreePBX,216.109.194.119
403,16.0.40.7,18.20.2,FreePBX,216.109.194.121
404,FUSION,FUSION,FreePBX,69.39.69.13
405,16.0.40.7,18.20.2,FreePBX,216.109.194.122
406,16.0.40.7,18.20.2,FreePBX,216.109.194.123
407,16.0.40.7,18.20.2,FreePBX,216.109.194.124
408,16.0.40.7,18.20.2,FreePBX,216.109.194.125
409,16.0.40.7,18.20.2,FreePBX,216.109.194.126
41,14.0.13.23,14.7.8,FreePBX,205.251.183.55
410,16.0.40.7,18.20.2,FreePBX,216.109.194.127
411,FUSION,FUSION,FreePBX,69.39.69.13
412,16.0.40.7,18.20.2,FreePBX,216.109.194.128
413,16.0.40.7,18.20.2,FreePBX,216.109.194.129
414,FUSION,FUSION,FreePBX,69.39.69.13
416,FUSION,FUSION,FreePBX,69.39.69.13
417,16.0.40.7,18.20.2,FreePBX,216.109.194.130
418,,,Unknown,216.109.194.131
419,15.0.37.4,16.30.0,FreePBX,216.109.194.132
42,15.0.17,16.20.0,FreePBX,205.251.183.56
420,16.0.40.7,18.20.2,FreePBX,216.109.194.133
421,123NET UC,123NET UC,FreePBX,162.254.68.50
422,FUSION,FUSION,FreePBX,69.39.69.13
423,16.0.40.7,18.20.2,FreePBX,216.109.194.134
424,16.0.40.8,18.20.2,FreePBX,216.109.194.135
425,16.0.40.7,18.20.2,FreePBX,216.109.194.136
426,16.0.40.7,18.20.2,FreePBX,216.109.194.137
427,FUSION,FUSION,FreePBX,69.39.69.13
428,16.0.40.8,18.20.2,FreePBX,216.109.194.138
429,16.0.40.7,18.20.2,FreePBX,216.109.194.139
43,15.0.23.17,16.13.0,FreePBX,205.251.183.57
430,16.0.40.7,18.20.2,FreePBX,216.109.194.140
431,FUSION,FUSION,FreePBX,69.39.69.13
432,16.0.40.7,18.20.2,FreePBX,216.109.194.141
433,,,Unknown,216.109.194.141
434,16.0.40.8,18.20.2,FreePBX,216.109.194.142
435,16.0.40.10,18.20.2,FreePBX,216.109.194.143
437,123NET UC,123NET UC,FreePBX,162.254.68.50
438,16.0.40.8,18.20.2,FreePBX,216.109.194.145
439,16.0.40.8,18.20.2,FreePBX,216.109.194.146
44,15.0.17,16.20.0,FreePBX,205.251.183.47
440,16.0.40.8,18.20.2,FreePBX,216.109.194.147
441,16.0.40.8,18.20.2,FreePBX,216.109.194.148
442,16.0.40.8,18.20.2,FreePBX,216.109.194.149
443,16.0.40.8,18.20.2,FreePBX,216.109.194.150
444,16.0.40.10,18.20.2,FreePBX,216.109.194.151
445,16.0.40.11,18.20.2,FreePBX,216.109.194.152
446,16.0.40.8,18.20.2,FreePBX,216.109.194.153
447,16.0.40.8,18.20.2,FreePBX,216.109.194.154
448,16.0.40.8,18.20.2,FreePBX,216.109.194.155
449,16.0.40.8,18.20.2,FreePBX,216.109.194.156
45,15.0.17,16.19.0,FreePBX,205.251.183.20
450,16.0.40.8,18.20.2,FreePBX,216.109.194.157
451,123NET UC,123NET UC,FreePBX,162.254.68.50
452,16.0.40.11,18.20.2,FreePBX,216.109.194.158
453,16.0.40.8,18.20.2,FreePBX,216.109.194.159
454,16.0.40.10,18.20.2,FreePBX,216.109.194.160
456,16.0.40.8,18.20.2,FreePBX,216.109.194.162
457,16.0.40.13,18.20.2,FreePBX,216.109.194.163
458,16.0.40.11,18.20.2,FreePBX,216.109.194.164
459,FUSION,FUSION,FreePBX,69.39.69.13
46,15.0.16.42,16.6.2,FreePBX,205.251.183.48
460,16.0.40.11,18.20.2,FreePBX,216.109.194.165
461,16.0.40.10,18.20.2,FreePBX,216.109.194.166
462,16.0.40.10,18.20.2,FreePBX,216.109.194.167
463,16.0.40.11,18.20.2,FreePBX,216.109.194.168
464,123NET UC,123NET UC,FreePBX,162.254.68.50
465,16.0.40.11,18.20.2,FreePBX,216.109.194.169
466,16.0.40.11,18.20.2,FreePBX,216.109.194.170
467,16.0.40.11,18.20.2,FreePBX,216.109.194.171
468,FUSION,FUSION,FreePBX,69.39.69.13
469,16.0.40.11,18.20.2,FreePBX,216.109.194.172
47,15.0.17,16.17.0,FreePBX,205.251.183.45
470,16.0.40.10,18.20.2,FreePBX,216.109.194.173
471,123NET UC,123NET UC,FreePBX,162.254.68.50
472,123NET UC,123NET UC,FreePBX,162.254.68.50
473,16.0.40.10,18.20.2,FreePBX,216.109.194.174
474,16.0.40.11,18.20.2,FreePBX,216.109.194.175
475,16.0.40.11,18.20.2,FreePBX,216.109.194.176
476,123NET UC,123NET UC,FreePBX,162.254.68.50
477,16.0.40.11,18.20.2,FreePBX,216.109.194.177
478,16.0.40.11,18.20.2,FreePBX,216.109.194.178
479,FUSION,FUSION,FreePBX,69.39.69.13
48,15.0.17,16.16.2,FreePBX,205.251.183.58
480,FUSION,FUSION,FreePBX,69.39.69.13
481,123NET UC,123NET UC,FreePBX,162.254.68.50
482,123NET UC,123NET UC,FreePBX,162.254.68.50
483,16.0.40.11,18.20.2,FreePBX,216.109.194.179
484,16.0.40.13,18.20.2,FreePBX,216.109.194.180
486,16.0.40.11,18.20.2,FreePBX,216.109.194.182
487,16.0.40.11,18.20.2,FreePBX,216.109.194.183
488,123NET UC,123NET UC,FreePBX,162.254.68.50
489,16.0.40.11,18.20.2,FreePBX,216.109.194.184
49,15.0.16.44,16.6.2,FreePBX,205.251.183.59
490,16.0.40.11,18.20.2,FreePBX,216.109.194.185
491,16.0.40.11,18.20.2,FreePBX,216.109.194.186
492,16.0.40.13,18.20.2,FreePBX,216.109.194.187
493,FUSION,FUSION,FreePBX,69.39.69.13
494,123NET UC,123NET UC,FreePBX,162.254.68.50
495,16.0.40.11,18.20.2,FreePBX,216.109.194.188
496,16.0.40.11,18.20.218.20.2,FreePBX,216.109.194.189
497,16.0.40.11,18.20.2,FreePBX,216.109.194.190
498,16.0.40.11,18.20.2,FreePBX,216.109.194.191
499,16.0.40.11,18.20.2,FreePBX,216.109.194.192
500,123NET UC,123NET UC,FreePBX,162.254.68.50
501,16.0.40.11,18.20.2,FreePBX,216.109.194.193
502,16.0.40.11,18.20.2,FreePBX,216.109.194.194
503,123NET UC,123NET UC,FreePBX,162.254.68.50
504,16.0.40.11,18.20.2,FreePBX,216.109.194.195
505,16.0.40.13,18.26.2,FreePBX,216.109.194.196
507,16.0.40.11,18.20.2,FreePBX,216.109.194.198
508,123NET UC,123NET UC,FreePBX,162.254.68.50
509,16.0.40.11,18.20.2,FreePBX,216.109.194.117
510,123NET UC,123NET UC,FreePBX,162.254.68.50
512,16.0.40.11,18.20.2,FreePBX,216.109.194.2
513,16.0.40.11,18.20.2,FreePBX,216.109.194.3
514,16.0.40.13,18.20.2,FreePBX,216.109.194.4
515,16.0.40.13,18.26.2,FreePBX,216.109.194.80
516,16.0.41,18.20.2,FreePBX,216.109.194.7
517,,,Unknown,216.109.194.8
518,,,Unknown,216.109.194.9
519,,,Unknown,216.109.194.10
52,15.0.17,16.15.1,FreePBX,216.109.194.62
520,16.0.41,18.26.4,FreePBX,69.39.88.42
521,16.0.40.11,18.20.2,FreePBX,216.109.194.52
522,16.0.40.11,18.20.2,FreePBX,216.109.194.45
523,16.0.40.13,18.20.2,FreePBX,69.39.88.19
524,15.0.37.9,16.30.0,FreePBX,69.39.69.23
525,16.0.40.13,18.20.2,FreePBX,69.39.69.159
526,,,Unknown,216.109.194.17
527,FUSION,FUSION,FreePBX,69.39.69.13
528,16.0.40.11,18.20.2,FreePBX,216.109.194.34
529,FUSION,FUSION,FreePBX,69.39.69.13
53,15.0.17,16.15.1,FreePBX,216.109.194.61
530,123NET UC,123NET UC,FreePBX,162.254.68.50
531,16.0.40.13,18.20.2,FreePBX,216.109.194.35
532,16.0.40.13,18.20.2,FreePBX,216.109.194.36
533,16.0.40.13,18.20.2,FreePBX,216.109.194.37
534,123NET UC,123NET UC,FreePBX,162.254.68.50
535,123NET UC,123NET UC,FreePBX,162.254.68.50
536,16.0.40.11,18.20.2,FreePBX,216.109.194.38
537,16.0.40.11,18.20.2,FreePBX,216.109.194.39
538,16.0.40.13,18.20.2,FreePBX,216.109.194.40
539,16.0.40.11,18.20.2,FreePBX,216.109.194.51
54,15.0.16.78,16.15.1,FreePBX,216.109.194.63
540,,,Unknown,216.109.194.42
541,16.0.40.11,18.20.2,FreePBX,216.109.194.43
542,16.0.40.11,18.20.2,FreePBX,216.109.194.44
543,123NET UC,123NET UC,FreePBX,162.254.68.50
544,123NET UC,123NET UC,FreePBX,162.254.68.50
545,123NET UC,123NET UC,FreePBX,162.254.68.50
546,16.0.40.13,18.20.2,FreePBX,216.109.194.46
547,16.0.40.13,18.20.2,FreePBX,216.109.194.47
548,16.0.40.11,18.20.2,FreePBX,216.109.194.48
549,123NET UC,123NET UC,FreePBX,162.254.68.50
550,16.0.40.13,18.26.4,FreePBX,69.39.88.22
551,16.0.40.13,18.26.2,FreePBX,69.39.69.141
552,16.0.40.13,18.20.2,FreePBX,216.109.194.53
553,16.0.40.13,18.26.2,FreePBX,216.109.194.54
554,16.0.40.11,18.20.2,FreePBX,216.109.194.55
555,16.0.40.13,18.20.2,FreePBX,216.109.194.56
556,16.0.40.13,18.20.2,FreePBX,216.109.194.57
557,,,Unknown,216.109.194.58
558,16.0.40.13,18.20.2,FreePBX,216.109.194.72
559,16.0.40.13,18.20.2,FreePBX,216.109.194.84
56,15.0.17,16.15.1,FreePBX,216.109.194.65
560,16.0.40.13,18.20.2,FreePBX,69.39.69.50
561,16.0.40.13,18.20.2,FreePBX,216.109.194.66
562,123NET UC,123NET UC,FreePBX,162.254.68.50
563,123NET UC,123NET UC,FreePBX,162.254.68.50
564,16.0.40.13,18.20.2,FreePBX,216.109.194.73
565,123NET UC,123NET UC,FreePBX,162.254.68.50
566,16.0.40.13,18.26.2,FreePBX,216.109.194.85
567,16.0.40.13,18.20.2,FreePBX,216.109.194.87
568,16.0.40.13,18.20.2,FreePBX,69.39.69.27
569,123NET UC,123NET UC,FreePBX,162.254.68.50
57,15.0.17,16.15.1,FreePBX,216.109.194.60
570,16.0.40.13,18.20.2,FreePBX,69.39.69.28
571,,,Unknown,69.39.69.31
572,16.0.40.13,18.20.2,FreePBX,69.39.69.119
573,123NET UC,123NET UC,FreePBX,162.254.68.50
574,16.0.40.13,18.20.2,FreePBX,69.39.69.152
575,16.0.40.13,18.26.2,FreePBX,69.39.69.178
576,16.0.40.13,18.26.2,FreePBX,69.39.69.207
577,16.0.40.13,18.26.2,FreePBX,69.39.69.211
578,16.0.40.13,18.26.4,FreePBX,69.39.69.218
579,16.0.40.13,18.20.2,FreePBX,69.39.69.225
58,15.0.17,16.15.1,FreePBX,216.109.194.67
580,123NET UC,123NET UC,FreePBX,162.254.68.50
581,123NET UC,123NET UC,FreePBX,162.254.68.50
582,,,Unknown,69.39.69.226
583,,,Unknown,69.39.69.234
584,16.0.40.13,18.26.2,FreePBX,69.39.69.254
585,16.0.41.1,18.26.4,FreePBX,69.39.88.57
586,16.0.40.13,18.26.2,FreePBX,69.39.88.3
587,16.0.40.13,18.20.2,FreePBX,69.39.88.2
588,,,Unknown,69.39.88.4
589,16.0.40.13,18.20.2,FreePBX,69.39.88.5
590,FUSION,FUSION,FreePBX,69.39.69.13
591,16.0.40.13,18.20.2,FreePBX,69.39.88.6
592,16.0.40.13,18.20.2,FreePBX,69.39.88.7
593,,,Unknown,69.39.88.8
594,FUSION,FUSION,FreePBX,69.39.69.13
595,16.0.40.13,18.26.2,FreePBX,69.39.88.12
596,FUSION,FUSION,FreePBX,69.39.69.13
597,16.0.40.13,18.20.2,FreePBX,69.39.88.9
598,16.0.41,18.20.2,FreePBX,69.39.88.10
599,16.0.40.13,18.20.2,FreePBX,69.39.88.11
6,12.0.76.6,12.8.1,FreePBX,205.251.183.9
60,15.0.17,16.15.1,FreePBX,216.109.194.71
600,FUSION,FUSION,FreePBX,69.39.69.13
601,,,Unknown,69.39.88.13
602,,,Unknown,69.39.88.14
603,16.0.41.1,18.26.4,FreePBX,69.39.88.15
604,,,Unknown,69.39.88.16
605,16.0.41,18.26.4,FreePBX,69.39.88.17
606,16.0.40.13,18.20.2,FreePBX,69.39.88.18
607,,,Unknown,69.39.88.20
608,123NET UC,123NET UC,FreePBX,162.254.68.50
609,,,Unknown,69.39.88.21
61,14.0.13.23,16.4.1,FreePBX,216.109.194.70
610,,,Unknown,69.39.88.23
611,16.0.41.4,18.26.4,FreePBX,69.39.88.24
612,16.0.41,18.26.4,FreePBX,69.39.88.25
613,16.0.41.1,18.26.4,FreePBX,69.39.88.26
614,,,Unknown,69.39.88.27
615,,,Unknown,69.39.88.28
616,,,Unknown,69.39.88.29
617,,,Unknown,69.39.88.30
618,123NET UC,123NET UC,FreePBX,162.254.68.50
619,,,Unknown,69.39.88.31
620,,,Unknown,69.39.88.32
621,16.0.41,18.26.4,FreePBX,69.39.88.33
622,16.0.41.1,18.26.4,FreePBX,69.39.88.34
623,123NET UC,123NET UC,FreePBX,162.254.68.50
624,,,Unknown,69.39.88.35
625,,,Unknown,69.39.88.36
626,16.0.41.1,18.20.2,FreePBX,69.39.88.37
627,16.0.41.4,18.26.4,FreePBX,69.39.88.38
628,,,Unknown,69.39.88.39
629,,,Unknown,69.39.88.40
63,15.0.17,16.15.1,FreePBX,216.109.194.68
630,,,Unknown,69.39.88.41
631,16.0.41,18.26.4,FreePBX,69.39.88.43
632,,,Unknown,69.39.88.44
633,,,Unknown,69.39.88.45
634,,,Unknown,69.39.88.46
635,,,Unknown,69.39.88.47
636,16.0.41.1,18.26.4,FreePBX,69.39.88.48
637,16.0.41.1,18.26.4,FreePBX,69.39.88.49
638,,,Unknown,69.39.88.50
639,16.0.41.1,18.26.4,FreePBX,69.39.88.51
64,15.0.17,16.15.1,FreePBX,216.109.194.69
640,,,Unknown,69.39.88.52
641,,,Unknown,69.39.88.53
642,,,Unknown,69.39.88.54
643,FUSION,FUSION,FreePBX,69.39.69.13
644,,,Unknown,69.39.88.55
645,,,Unknown,69.39.88.56
67,15.0.17,16.17.0,FreePBX,216.109.194.74
68,15.0.17,16.9.0,FreePBX,216.109.194.75
69,15.0.17,16.15.1,FreePBX,216.109.194.76
70,15.0.17,16.15.1,FreePBX,216.109.194.77
71,15.0.17,16.17.0,FreePBX,216.109.194.78
73,15.0.17,16.17.0,FreePBX,216.109.194.79
75,15.0.17,16.16.2,FreePBX,216.109.194.81
76,15.0.16.44,16.6.2,FreePBX,216.109.194.83
77,15.0.17,16.17.0,FreePBX,216.109.194.82
80,15.0.17,16.17.0,FreePBX,216.109.194.86
81,2.8.1.0,1.8.4,FreePBX,205.251.183.2
83,15.0.17,16.15.1,FreePBX,216.109.194.88
84,15.0.16.44,16.6.2,FreePBX,216.109.194.89
85,15.0.16.44,16.6.2,FreePBX,216.109.194.90
86,15.0.17,16.17.0,FreePBX,216.109.194.91
87,15.0.17,16.15.1,FreePBX,216.109.194.92
88,15.0.17,16.15.1,FreePBX,216.109.194.93
89,15.0.17,16.16.2,FreePBX,216.109.194.94
90,15.0.17,16.17.0,FreePBX,216.109.194.95
92,15.0.16.57,16.6.2,FreePBX,216.109.194.96
93,15.0.17,16.17.0,FreePBX,216.109.194.97
94,15.0.17,16.16.2,FreePBX,216.109.194.98
96,15.0.16.72,16.11.1,FreePBX,216.109.194.100
97,15.0.16.72,16.11.1,FreePBX,216.109.194.101
